symbol,priceToBook,Potantial,Under_Median,How Close targetLowPrice,currentPrice,targetHighPrice,targetMedianPrice,targetMeanPrice,targetLowPrice,change,fiftyTwoWeekHigh,fiftyTwoWeekLow
VAKBN.IS,1.0607792,60.18609206660136,-7.0791819611956015,29.72575905974535,20.42,31.36,18.6,19.07,13.0,-3.860640301318252,22.38,8.28
QUAGR.IS,2.4712992,,,,4.09,,,,,-3.08056872037914,8.713636,3.81
ENKAI.IS,0.9840968,16.906077348066308,19.069975408003565,11.54696132596685,36.2,50.85,43.44,44.73,40.55,-2.949061662198371,41.44,23.1
AKFYE.IS,6.0542884,,,,27.88,,,,,-2.5174825174825277,33.46,9.37
ULKER.IS,2.3999836,32.465753424657535,-0.6202618883528591,58.458904109589035,116.8,154.0,119.74,116.08,47.8,-2.259414225941425,121.9,29.9
MIATK.IS,14.640652,,,,52.15,,,,,-2.2492970946579205,84.4,6.911538
KONTR.IS,21.867247,,,,211.5,,,,,-2.1286441462285977,351.0,105.8
MAVI.IS,5.889022,23.31550802139037,-11.708482676224607,24.278074866310163,93.5,105.5,85.0,83.7,61.0,-2.0942408376963373,99.6,24.12
ASELS.IS,3.1780436,29.285127362366474,-10.83788706739527,22.843056696795397,60.85,72.72,55.73,54.9,41.0,-2.091713596138367,67.3,19.9
CCOLA.IS,4.694197,29.786206896551732,4.4858704960147495,40.655172413793096,725.0,975.0,798.0,759.05,464.3,-2.0270270270270285,754.0,219.3
BIENY.IS,2.589087,,,,40.76,,,,,-1.8777082330284078,75.6,37.02
MGROS.IS,2.3432946,35.62037533512065,7.768238645355274,22.846112600536188,466.25,671.6,483.0,505.52,399.0,-1.8421052631578894,509.5,161.5
AKSEN.IS,2.0399811,18.56995884773662,28.947368421052627,18.56995884773662,38.88,61.94,54.72,54.72,47.5,-1.7685699848408176,43.48,27.22
ODAS.IS,1.6690989,,,,9.15,,,,,-1.7185821697099923,14.47,4.84
GENIL.IS,3.4668818,,,,55.9,,,,,-1.6710642040457357,84.5,35.94
HALKB.IS,0.8345661,47.188264058679714,-10.020174848688637,60.33007334963325,16.36,22.59,14.55,14.87,5.0,-1.6235718580877911,18.22,10.95
KOZAL.IS,4.7987266,35.545023696682456,13.877551020408157,30.805687203791464,21.1,32.0,24.0,24.5,18.0,-1.585820895522383,33.92,17.3
ISMEN.IS,3.3223777,,,,35.38,,,,,-1.4484679665738076,45.8,10.673666
THYAO.IS,0.93630135,37.199033037872674,17.403226665246795,32.75423045930701,310.25,491.03,392.0,375.62,274.0,-1.429706115965057,332.0,125.6
AKCNS.IS,2.0799222,21.77451634422948,29.27910926589923,37.57171447631756,149.9,244.6,223.8,211.96,155.64,-1.3815789473684226,199.9,63.4
KMPUR.IS,5.138677,,,,57.25,,,,,-1.2079378774805916,98.55,34.6
IZMDC.IS,3.0008786,,,,6.83,,,,,-1.0144927536231974,9.64,4.38
ZOREN.IS,0.77213544,0.0,-41.866028708133975,0.0,5.93,4.18,4.18,4.18,4.18,1.0221465076660996,7.57,2.63386
KORDS.IS,1.4902995,3.526422764227641,10.235358511220578,6.727642276422769,98.4,113.09,112.76,109.62,103.0,1.1305241521069043,116.7,57.4
TKFEN.IS,0.90654796,15.446848541862643,-6.257497001199511,22.70931326434619,53.15,58.23,49.8,50.02,37.95,1.141769743101806,55.4,25.94
SOKM.IS,1.7867936,48.0553420445811,29.09308916503161,32.0522674865488,65.05,123.0,90.5,91.74,70.89,1.1664074650077794,74.2,26.0
PETKM.IS,0.98027563,31.900910010111218,16.50485436893204,50.0,19.78,30.0,25.31,23.69,13.8,1.22824974411464,26.0,12.34
VESTL.IS,0.9260293,0.0,19.667366381398352,0.0,99.5,123.86,123.86,123.86,123.86,1.323828920570258,107.3,37.58
EGEEN.IS,11.086812,,,,14200.0,,,,,1.3561741613133504,18447.5,4050.0
ECILC.IS,1.062972,,,,54.05,,,,,1.40712945590995,60.0,24.58
TTRAK.IS,6.3979673,16.669375317420013,-14.358396543112361,42.409344845099035,984.5,1025.0,950.0,860.89,443.37,1.4425553838227634,1057.5,283.73334
ARCLK.IS,1.9093668,17.55387931034482,5.710221499695189,14.461206896551726,185.6,229.42,192.34,196.84,170.0,1.5317286652078765,187.1,84.15
TAVHL.IS,1.6279341,27.90250447227191,16.21388691123019,32.54919499105546,223.6,329.26,277.27,266.87,194.09,1.6363636363636358,229.9,65.85
YKBNK.IS,1.4902475,46.5473948524796,5.206783695328771,47.11236660389202,31.86,48.44,34.65,33.61,18.6,1.7891373801916854,32.88,8.69
SKBNK.IS,0.8127503,,,,4.87,,,,,1.882845188284521,7.83,2.13
KARSN.IS,2.2773297,,,,13.27,,,,,1.9984627209838512,15.97,7.68
KCAER.IS,5.358473,1.1120764552562998,-54.041755888650954,1.1294526498696762,57.55,38.0,37.36,37.36,36.71,2.039007092198575,69.15,13.01
GARAN.IS,1.4812864,40.05555555555555,-14.79591836734693,62.66666666666667,90.0,114.45,84.05,78.4,22.0,2.156640181611813,91.15,23.52
KONYA.IS,18.81616,,,,9632.5,,,,,2.2015915119363294,12330.0,2371.5
AKSA.IS,2.362159,2.4979524979525074,11.7710817255582,2.4979524979524843,122.1,141.44,138.39,138.39,135.34,2.2613065326632986,126.4,57.7
CWENE.IS,7.668248,,,,253.75,,,,,2.359822509076248,421.9,113.8
VESBE.IS,1.7000148,20.79337401918047,22.39512855209742,25.065387968613773,22.94,34.33,30.55,29.56,23.81,2.4107142857142883,24.44,9.91
TTKOM.IS,1.4606701,33.56899073622623,-27.272727272727295,31.52120916626035,41.02,46.0,32.2,32.23,19.3,2.498750624687651,42.36,13.23
FROTO.IS,5.700498,20.725126475548056,3.5144809632281193,27.430860033726816,1186.0,1475.0,1311.5,1229.2,903.87,2.6839826839826886,1219.0,510.9
GESAN.IS,5.4157104,,,,73.15,,,,,3.4653465346534684,116.5,47.98
KCHOL.IS,1.5444862,14.929006085192704,-5.703259005145803,12.65720081135902,246.5,270.0,236.6,233.2,202.0,3.484466834592781,252.0,72.2
SAHOL.IS,0.9110124,36.03850050658562,3.894839337877312,46.73758865248227,98.7,138.27,106.0,102.7,56.57,4.004214963119068,99.4,34.12
OTKAR.IS,7.8331623,5.961254612546137,25.987628190247293,5.961254612546115,542.0,764.62,732.31,732.31,700.0,4.835589941972929,569.0,148.0
ALBRK.IS,0.9047281,0.0,30.369357045143637,0.0,5.09,7.31,7.31,7.31,7.31,4.948453608247427,5.19,2.27
SASA.IS,3.7355006,,,,47.34,,,,,5.293594306049831,70.0,33.76
AHGAZ.IS,2.1944177,,,,13.68,,,,,5.474171164225128,15.44,6.584
BIMAS.IS,3.9368548,28.860120680197483,-6.121641130722307,27.791552386176626,455.75,560.99,431.5,429.46,302.8,6.60818713450293,461.5,132.2
